refit_year,IC,ICIR,RIC,RICIR
2000,0.049710381191778015,0.4182392917963711,0.05560404125688723,0.483905498393508
2010,0.012626524016911653,0.09538420701654837,0.018868382089678115,0.1487069713988491
2020,0.01644345891832264,0.10589893387605673,0.019732667423682303,0.12506151132470103
