refit_year,IC,ICIR,RIC,RICIR
2000,0.060221456710812464,0.4474751458028792,0.06955414787084147,0.5754104411536987
2002,0.04645957866245344,0.39797908095446527,0.05276339045207421,0.4666915108038876
2004,0.04735101836911621,0.34868340830181216,0.050373922155944814,0.4689551441887896
2006,0.03380362318563576,0.27224552530211693,0.03391204798941125,0.30524770771132725
2008,0.040245465217256776,0.2634602106235562,0.039081180040333036,0.25431586262201555
2010,0.021054357420111663,0.15031618661652457,0.02559103386932704,0.1746858297301426
2012,0.01650320331403395,0.18386681859541473,0.016038734117203742,0.1690763220194878
2014,-0.009821065325508402,-0.06732969113111169,-0.003844654096316961,-0.02637528395960326
